tweet_id,clean_text,sentiment
1891722675149533520,alamo,neutral
1891722647362236860,ai also,neutral
1891722632308949139,excited apple glass future ar or ai apple ces2023,positive
1891722630056550642,merit diverse talent pool that publican win checkmate ai data,positive
1891722626671731014,irish manufacturing 15 export growth impressive yet global trade shock pose real risk adapting ai sustainability key ai manufacturing,neutral
1891722611882672266,yaaluuemtidtaamchng discord khngeraaodyaichlingk crept grand ai,neutral
1891722591213105206,ai also great pleasure part wonderful opportunity trust solid projects guy can afford miss,positive
1891722572724666616,ready use mortier ai detector project model easy integration powerful result get started huggingface opensource ai nap,positive
1891722555406389557,parades divine que same up did voice serum rain carnival e inteligencia artificial serum sun method assistance graces to carnival ai,neutral
1891722550759055390,via aspirin ai nuts apart cryptonautaseverydays not humanartist midjourney stablediffusion salle manifold aiartwork,neutral
1891722549215502486,breaking group hit 1400 congress publican lowering human expertise behind impressive ai score ai data humansintheloop,positive
1891722543217721428,check render telegram mind pp join future centralized rendering render ai web left,neutral
1891722500645511470,building better ai future one contribution time publican making happen ai data,positive
1891722493418684438,astray revolutionizing finance amp teach ai tool like astrabank amp cellar ai astray ecosystem growing fast portfolio also includes he merry cubic sank into prop six fly eh palm astray crept ai web,positive
1891722490725957921,ai ai artificalintelligence consciousness transhumanism nanotechnology smarttechnology catgut whatnots area sir,neutral
1891722487508951160,ai also gooooood,positive
1891722475307925877,foot ai,neutral
1891722462783578336,had go in hi in long he xiv zat deepseek deepseekai ai,neutral
1891722459323240928,fakersai bluish ai also,neutral
1891722457871970663,ai ai artificalintelligence consciousness transhumanism nanotechnology smarttechnology catgut whatnots area sir,neutral
1891722440146841987,dont listen naysayer ai play still full swing leading way defy space ai innovation,positive
1891722440012710307,building future ai one verified data point time publican making happen ai web data,positive
1891722438460809326,ai ai artificalintelligence consciousness transhumanism nanotechnology smarttechnology catgut whatnots area sir,neutral
1891722426746036696,execution accuracy given helm instead garden taking picture randomized act snap dining hall even better ai analysis module flag outer automatically innovation ai,positive
1891722400460353596,exciting news intelmarkets into pioneer ai integration crept trading pushing boundary enhancing user experience metaverse blockchain crept ai,positive
1891722396698062916,merit diverse expertise win publican building future ai ai data,positive
1891722387906814274,give started earning bite world first centralized network internet speed purification set desired validator today start earning bite kickstart journey vein extension web ai,positive
1891722381279793608,see using data ai advance technology process healthcare industry help reduce burnt reach new potential patient care,positive
1891722364842332244,agents ai revolutionizing parma amp life science drug discovery personalized medicine explore driven autonomy shaping future ai parma lifesciences agenticai innovation,positive
1891722330360975621,idle power reward raised am wardrop confirmed the coming soon nodes earncrypto ai via,positive
1891722325780758936,ai also moon,positive
1891722322387624214,live streaming highquality training data that met get behind maybe publican could help train ai fly web ai,neutral
1891722314288451604,ai also,neutral
1891722311935590485,creative mind play inside painting bit ai magic indiedev gamedev switch nine madewithunity nintendolife pixelart 8bitart discord supermariomaker2 tophi family artificialintelligence puzzle game indiegames,positive
1891722290758402501,ai also leg,neutral
1891722286077522313,ai also in excited project,positive
1891722277420482956,publican got data you got skill let make ai magic unions remarked etc perfect place start ai investment journey freedomfam let,positive
1891722277290397772,ai ai artificalintelligence consciousness transhumanism nanotechnology smarttechnology catgut whatnots area sir,neutral
1891722267828093266,ai co that ke than long seton topdichvuketoan short ai que,neutral
1891722263407292681,55 spread word share creation let shape future together sum assisted ai web,positive
1891722246185443676,ai ai artificalintelligence consciousness transhumanism nanotechnology smarttechnology catgut whatnots area sir,neutral
1891722238522433642,defy agent lowered premium training data sign u feeling agent highquality data publican sound like recipe success defy ai,positive
1891722229760590067,centralized ai acceleration awesome publican belief empowering everyone contribute benefit ai future check vein ai,positive
1891722212576538905,let build future ai together share unused power earn reward nodes ai blockchain via,positive
1891722211213385869,bitdoctor premium membership sold bitdoctorai desk ai vein healthtech freediagnosis,neutral
1891722209778946158,apart aiirasuto stablediffusion ai aiartworks,neutral
1891722204712157499,ai ai artificalintelligence consciousness transhumanism nanotechnology smarttechnology catgut whatnots area sir,neutral
1891722199288934607,discover future crept ai fan token ai world leading ai memecoin aifantoken ai artificialintelligence ai memecoin memecoins agent agents money money,positive
1891722198794039742,ai,neutral
1891722195824484479,ai also bluish project like never,positive
1891722154569339030,today ai se debt us usuarios si un tecnologia disruption e used queen en el olvido artificalintelligence,neutral
1891722148407865517,true there like path wizard cheat sheet publican working make sure cheat sheet topnotch ai data,positive
1891722142661656823,features desk ecosystem map bitdoctorai ai vein desk healthtech,neutral
1891722136705695900,ai also post bluish sweet hashtag alamo please make sure sweet appear recent st sweet gale verify,neutral
1891722128258478341,exploring digital universe makar side innovation ai,positive
1891722127838937266,na university school computational science successfully organized idea pitching competition bringing together bright mind present innovative idea ideapitching innovation gnauniversity futuretech ai it cybersecurity smartsolutions,positive
1891722121954385923,ai agent music swede,neutral
1891722114710818846,bitdoctor premium membership sold bitdoctorai desk ai vein healthtech freediagnosis,neutral
1891722112726913387,swede ai swede revolutionizing ai tickling bias improving efficiency making intelligent automatic accessible say goodby outdated model hello smarter fairer faster ai solution ai innovation suedeai swede,positive
1891722110260650346,ai ai artificalintelligence consciousness transhumanism nanotechnology smarttechnology catgut whatnots area sir,neutral
1891722107567874333,choir genshinimpact ai,neutral
1891722103813984342,wonder starry ai join conversation incredible ai charcot starrynift ai charcot,positive
1891722102924841229,ai also bluish one ammothis amazing,positive
1891722101226164688,year education algorithm millisecond bidding mostly hey even ai need good data check publican human still rule ai art human,neutral
1891722090706792894,young people get bowel cancer diagnosed 28 vinesse medico raising awareness rise case among under45s amp pushing early testing early detection save life bowelcancer earlydetection healthawareness ai virtualsprotocol,negative
1891722084788687039,ooh i moon publican ready analyze data liftoff ai crept,positive
1891722075628302644,sound like gamechanger ai highquality data fair compensation publican onto something ai web,positive
1891722069206876490,joined ai amp ai agent quest hop alphamind let dive ai,positive
1891722067130655225,ai ai artificalintelligence consciousness transhumanism nanotechnology smarttechnology catgut whatnots area sir,neutral
1891722044301086958,desk v traditional science bitdoctorai ai vein desk healthtech,neutral
1891722039687315756,ai ai artificalintelligence consciousness transhumanism nanotechnology smarttechnology catgut whatnots area sir,neutral
1891722031932064117,discover future crept ai fan token ai world leading ai memecoin aifantoken ai artificialintelligence ai memecoin memecoins agent agents blickchain blockchainai,positive
1891722018875138350,idle power reward raised am wardrop confirmed the coming soon nodes earncrypto ai via,positive
1891722018531234142,india growth story unstoppable ai green energy digital transformation leading way road it economy within reach time fuel innovation invest infrastructure skill workforce india digitalindia futureready ai elonmusk,positive
1891722014215270530,ai ai artificalintelligence consciousness transhumanism nanotechnology smarttechnology catgut whatnots area sir,neutral
1891722013640655140,c donations scar victim big publican building scamproof future ai data 500k verified contributory ai dataintegrity,positive
1891721993910694177,desk v traditional science bitdoctorai ai vein desk healthtech,neutral
1891721992312697317,ai,neutral
1891721986318962802,axis ai web taken,neutral
1891721980107190608,ai also bluish currently,neutral
1891721975543857269,500 lucky follower need 500000 data contributory highquality ai data doesn grow tree blockchains check publican ai data web,neutral
1891721970795888821,poland game ai memecoin web3gaming forgave memecoin1000x pumpfuntoken,neutral
1891721958229696584,ai also,neutral
1891721956707401779,long bu king i in wen zu cut bizinesusemina2025nian she when aitorendowozhan u delhi juan nimoaiwo gtgtgt ai men gong hi new she when ai i lie due xi she cent due xi deipuraningu,neutral
1891721956317102582,south more ban deepseek ai privacy concern decision spark global debate data security ai governance nation follow ai deepseek technews regulations dataprivacy,negative
1891721887199195154,up scientist use ai amp directed evolution enhance rice immunityidentifying diseaseresistant variant crop protection amp biomedical research quick read bioinformatics ai,positive
1891721880765120788,join more part groundbreaking web ai community,positive
1891721867528110583,tough call cool project imagine ai training data possibility publican could fuel growth data ai,positive
1891721864684122558,generative started learn casestudies machinelearning artificial intelligence,neutral
1891721861362331904,devinyacursornadonozui in tsurugazhong juan re ri ll aix tsurugafindy toolsnideng ll saremashita viii in aitsurunoxiang xi wash i today re hut long she li hay xiv norinkukara ai ll aieziento,neutral
1891721846950699380,ooh data laboring sound like jam maybe publican help hook sweet gig datalabeling ai,positive
1891721822313304453,broken promise game changes sun p ai related amp new style utah vocaloid bokaroido music in le dio kaiser producer business industry entertainment global community news new idol star amp character 4 u 2 love,neutral
1891721817556996242,via mi she change gang in 2 due 18 ri she change long tax via mi she change do he ban guai in zu hut diam 24xiao she die ff due hi 4 eh ni she sang hang 195solana solid die 601 layer ban guai sang hang 015qi long mantle met arbitrum are optimism open be sang hang 541 192 369 ai ban guai juan an sang hang you hut diam die ff da 525,neutral
1891721815883473312,ai,neutral
1891721814394507707,lines ran informs highlight transformation impact g ai emerging technology telemedicine patient care interview learn advanced technology set revolutionize healthcare enhanced conductivity,positive
1891721811743678969,join u technology sasha 2025 peasant ran senior business solution manager customer advisory sa india discuss transformation role ai creating resident secure future date and february 2025 register ai,positive
1891721810342797329,she she sang we hi in nous mo de ai apuriwoqiang ha spanned graph gay ban ti gong ai she ninarimashita gurahu rireshiyonaru juan so she when ai note i new wrong shiteyi juan ha shitadetabesude vertex throng sareteori ai wakuhurowohe li ha dekimasu googlecloud,neutral
1891721809403458008,king had moscou he the guardian starry sea model typeclassicraenacute bluecybersuit bluepilotsuitclassicraenacute apart aiartwork spacesuit pilotsuit ai aiillcyustration bluepilotsuit20250218,neutral
1891721809030230119,story space adbhutn srssttincin speed es video link richlifestyle hiddenfoldertelugu teslamotors millionaire space ai watchdog mustwatch newrelease trendingnow xvideosi,neutral
1891721808388211123,data sovereignty forefront india building ai infrastructure largescale data centre concern arise impact smaller firm,negative
